"Destination","Year","Month","Scheduled Departure Time","Departure Delay Time (mins)","Scheduled Arrival Time","Arrival Delay Time (mins)","Flight Cancellation","Cancellation Reason","Airline"
"CLT",2018,2,1425,13,1537,3,0,"","PSA Airlines Inc. "
"CLT",2018,4,1745,-4,1900,-14,0,"","PSA Airlines Inc. "
"CLT",2018,5,600,-5,654,8,0,"","PSA Airlines Inc. "
"CLT",2018,12,651,-5,800,-22,0,"","PSA Airlines Inc. "
"CLT",2018,7,1744,7,1900,-9,0,"","PSA Airlines Inc. "
"CLT",2018,5,600,-2,654,3,0,"","PSA Airlines Inc. "
"CLT",2018,2,1425,-1,1537,-1,0,"","PSA Airlines Inc. "
"CLT",2018,7,543,NA,645,NA,1,"Airline","PSA Airlines Inc. "
"CLT",2018,4,1113,-3,1227,6,0,"","PSA Airlines Inc. "
"CLT",2018,8,721,-4,836,-19,0,"","PSA Airlines Inc. "
"CLT",2018,1,1115,26,1223,11,0,"","PSA Airlines Inc. "
"CLT",2018,1,725,-6,835,-29,0,"","PSA Airlines Inc. "
"CLT",2018,9,1117,50,1231,33,0,"","PSA Airlines Inc. "
"CLT",2018,3,700,-10,808,-6,0,"","PSA Airlines Inc. "
"CLT",2018,1,725,-3,835,-5,0,"","PSA Airlines Inc. "
"CLT",2018,5,1945,-10,2053,-16,0,"","PSA Airlines Inc. "
"CLT",2018,6,1408,-11,1520,-20,0,"","PSA Airlines Inc. "
"CLT",2018,11,1119,37,1231,49,0,"","PSA Airlines Inc. "
"CLT",2018,5,1119,-2,1229,-8,0,"","PSA Airlines Inc. "
"CLT",2018,12,1119,6,1231,-4,0,"","PSA Airlines Inc. "
"CLT",2018,4,600,206,658,224,0,"","PSA Airlines Inc. "
"CLT",2018,8,1120,2,1229,-12,0,"","PSA Airlines Inc. "
"CLT",2018,9,1748,-2,1909,-11,0,"","PSA Airlines Inc. "
"CLT",2018,4,1945,-11,2056,-20,0,"","PSA Airlines Inc. "
"CLT",2018,10,708,-10,825,-19,0,"","PSA Airlines Inc. "
"CLT",2018,7,1120,-6,1229,-5,0,"","PSA Airlines Inc. "
"CLT",2018,8,1120,-4,1229,-6,0,"","PSA Airlines Inc. "
"CLT",2018,10,710,-10,825,-31,0,"","PSA Airlines Inc. "
"CLT",2018,9,1748,73,1909,46,0,"","PSA Airlines Inc. "
"CLT",2018,6,1120,NA,1229,NA,1,"Airline","PSA Airlines Inc. "
"CLT",2018,4,1945,8,2056,2,0,"","PSA Airlines Inc. "
"CLT",2018,7,1408,90,1520,74,0,"","PSA Airlines Inc. "
"CLT",2018,4,1113,-6,1227,-8,0,"","PSA Airlines Inc. "
"CLT",2018,11,703,-1,815,-10,0,"","PSA Airlines Inc. "
"CLT",2018,5,1945,71,2053,57,0,"","PSA Airlines Inc. "
"CLT",2018,7,1120,-3,1229,-14,0,"","PSA Airlines Inc. "
"CLT",2018,5,600,19,654,12,0,"","PSA Airlines Inc. "
"CLT",2018,12,703,NA,815,NA,1,"Weather","PSA Airlines Inc. "
"CLT",2018,8,1734,-7,1855,-42,0,"","PSA Airlines Inc. "
"CLT",2018,5,1750,27,1904,21,0,"","PSA Airlines Inc. "
"CLT",2018,11,708,-4,825,-11,0,"","PSA Airlines Inc. "
"CLT",2018,3,908,-2,1019,11,0,"","PSA Airlines Inc. "
"CLT",2018,8,1408,-2,1520,-13,0,"","PSA Airlines Inc. "
"CLT",2018,1,725,68,835,47,0,"","PSA Airlines Inc. "
"CLT",2018,12,1119,NA,1231,NA,1,"Weather","PSA Airlines Inc. "
"CLT",2018,3,908,NA,1019,NA,1,"Weather","PSA Airlines Inc. "
"CLT",2018,9,1734,-2,1855,-19,0,"","PSA Airlines Inc. "
"CLT",2018,7,1744,257,1900,259,0,"","PSA Airlines Inc. "
"CLT",2018,6,1943,224,2052,207,0,"","PSA Airlines Inc. "
"CLT",2018,9,1748,-11,1909,-30,0,"","PSA Airlines Inc. "
"CLT",2018,8,721,-5,836,12,0,"","PSA Airlines Inc. "
"CLT",2018,9,1748,2,1909,-8,0,"","PSA Airlines Inc. "
"CLT",2018,5,600,-9,654,4,0,"","PSA Airlines Inc. "
"CLT",2018,3,700,NA,808,NA,1,"Airline","PSA Airlines Inc. "
"CLT",2018,8,1120,-5,1229,-14,0,"","PSA Airlines Inc. "
"CLT",2018,2,710,-9,820,3,0,"","PSA Airlines Inc. "
"CLT",2018,2,710,101,820,94,0,"","PSA Airlines Inc. "
"CLT",2018,10,1117,17,1231,8,0,"","PSA Airlines Inc. "
"CLT",2018,9,905,-9,1019,-27,0,"","PSA Airlines Inc. "
"CLT",2018,5,1119,-7,1229,-3,0,"","PSA Airlines Inc. "
"CLT",2018,12,1119,0,1231,9,0,"","PSA Airlines Inc. "
"CLT",2018,6,1755,NA,1905,NA,1,"Airline","PSA Airlines Inc. "
"CLT",2018,7,1116,12,1226,2,0,"","PSA Airlines Inc. "
"CLT",2018,6,1945,-5,2053,4,0,"","PSA Airlines Inc. "
"CLT",2018,10,1117,-5,1231,-16,0,"","PSA Airlines Inc. "
"CLT",2018,11,1117,12,1231,7,0,"","PSA Airlines Inc. "
"CLT",2018,3,908,17,1020,10,0,"","PSA Airlines Inc. "
"CLT",2018,4,1433,-5,1545,-16,0,"","PSA Airlines Inc. "
"CLT",2018,5,600,-4,658,-5,0,"","PSA Airlines Inc. "
"CLT",2018,7,1744,126,1900,105,0,"","PSA Airlines Inc. "
"CLT",2018,9,710,0,825,-17,0,"","PSA Airlines Inc. "
"CLT",2018,11,1119,-8,1231,-7,0,"","PSA Airlines Inc. "
"CLT",2018,7,1120,15,1229,-5,0,"","PSA Airlines Inc. "
"CLT",2018,4,1113,-8,1227,-10,0,"","PSA Airlines Inc. "
"CLT",2018,10,708,-16,825,-27,0,"","PSA Airlines Inc. "
"CLT",2018,10,1117,-2,1231,-16,0,"","PSA Airlines Inc. "
"CLT",2018,4,1745,20,1900,11,0,"","PSA Airlines Inc. "
"CLT",2018,4,1745,16,1900,13,0,"","PSA Airlines Inc. "
"CLT",2018,4,1113,-18,1227,-25,0,"","PSA Airlines Inc. "
"CLT",2018,3,700,NA,808,NA,1,"Weather","PSA Airlines Inc. "
"CLT",2018,5,600,-2,654,-7,0,"","PSA Airlines Inc. "
"CLT",2018,3,1433,-14,1545,-12,0,"","PSA Airlines Inc. "
"CLT",2018,11,1119,31,1231,8,0,"","PSA Airlines Inc. "
"CLT",2018,8,1117,-9,1231,-16,0,"","PSA Airlines Inc. "
"CLT",2018,7,1744,3,1900,-13,0,"","PSA Airlines Inc. "
"CLT",2018,6,600,-3,654,2,0,"","PSA Airlines Inc. "
"CLT",2018,7,1744,21,1900,86,0,"","PSA Airlines Inc. "
"CLT",2018,7,1120,-10,1229,-24,0,"","PSA Airlines Inc. "
"CLT",2018,8,1744,166,1900,152,0,"","PSA Airlines Inc. "
"CLT",2018,4,1945,88,2056,79,0,"","PSA Airlines Inc. "
"CLT",2018,9,1117,24,1231,-2,0,"","PSA Airlines Inc. "
"CLT",2018,5,1750,62,1904,54,0,"","PSA Airlines Inc. "
"CLT",2018,9,1117,-12,1231,-14,0,"","PSA Airlines Inc. "
"CLT",2018,7,1408,27,1520,10,0,"","PSA Airlines Inc. "
"CLT",2018,6,1120,1,1229,-6,0,"","PSA Airlines Inc. "
"CLT",2018,11,703,-16,815,35,0,"","PSA Airlines Inc. "
"CLT",2018,11,1119,-8,1231,-12,0,"","PSA Airlines Inc. "
"CLT",2018,9,710,-8,825,-3,0,"","PSA Airlines Inc. "
"CLT",2018,5,600,151,654,141,0,"","PSA Airlines Inc. "
"CLT",2018,9,1734,34,1855,9,0,"","PSA Airlines Inc. "
"CLT",2018,9,534,-4,639,-17,0,"","PSA Airlines Inc. "
"CLT",2018,8,534,-6,639,6,0,"","PSA Airlines Inc. "
"CLT",2018,8,1117,-8,1231,-17,0,"","PSA Airlines Inc. "
"CLT",2018,6,543,-3,645,-22,0,"","PSA Airlines Inc. "
"CLT",2018,3,700,-7,808,-15,0,"","PSA Airlines Inc. "
"CLT",2018,3,700,-4,808,-9,0,"","PSA Airlines Inc. "
"CLT",2018,10,1117,61,1231,69,0,"","PSA Airlines Inc. "
"CLT",2018,4,1745,-7,1900,9,0,"","PSA Airlines Inc. "
"CLT",2018,11,1119,125,1231,111,0,"","PSA Airlines Inc. "
"CLT",2018,9,710,-1,825,16,0,"","PSA Airlines Inc. "
"CLT",2018,6,1120,0,1229,10,0,"","PSA Airlines Inc. "
"CLT",2018,2,710,-2,820,7,0,"","PSA Airlines Inc. "
"CLT",2018,5,600,-5,654,-10,0,"","PSA Airlines Inc. "
"CLT",2018,3,1433,-1,1545,-20,0,"","PSA Airlines Inc. "
"CLT",2018,5,1119,2,1229,-12,0,"","PSA Airlines Inc. "
"CLT",2018,5,1945,0,2053,-23,0,"","PSA Airlines Inc. "
"CLT",2018,4,600,-4,658,-2,0,"","PSA Airlines Inc. "
"CLT",2018,8,534,-6,639,-19,0,"","PSA Airlines Inc. "
"CLT",2018,3,908,-9,1019,-13,0,"","PSA Airlines Inc. "
"CLT",2018,3,710,NA,820,NA,1,"Airline","PSA Airlines Inc. "
"CLT",2018,8,1408,148,1520,166,0,"","PSA Airlines Inc. "
"CLT",2018,6,1943,24,2052,19,0,"","PSA Airlines Inc. "
"CLT",2018,10,1117,-10,1231,-15,0,"","PSA Airlines Inc. "
"CLT",2018,12,1119,0,1231,-4,0,"","PSA Airlines Inc. "
"CLT",2018,9,905,-17,1019,-30,0,"","PSA Airlines Inc. "
"CLT",2018,6,1755,34,1905,9,0,"","PSA Airlines Inc. "
"CLT",2018,4,600,4,658,6,0,"","PSA Airlines Inc. "
"CLT",2018,1,725,-1,835,2,0,"","PSA Airlines Inc. "
"CLT",2018,4,1745,1,1900,6,0,"","PSA Airlines Inc. "
"CLT",2018,8,1734,16,1855,NA,0,"","PSA Airlines Inc. "
"CLT",2018,6,1119,-11,1229,-19,0,"","PSA Airlines Inc. "
"CLT",2018,2,725,-3,835,-11,0,"","PSA Airlines Inc. "
"CLT",2018,6,543,16,645,21,0,"","PSA Airlines Inc. "
"CLT",2018,5,1750,53,1904,30,0,"","PSA Airlines Inc. "
"CLT",2018,6,1408,29,1520,17,0,"","PSA Airlines Inc. "
"CLT",2018,2,725,-4,835,13,0,"","PSA Airlines Inc. "
"CLT",2018,10,1117,-7,1231,-27,0,"","PSA Airlines Inc. "
"CLT",2018,9,905,-4,1019,-19,0,"","PSA Airlines Inc. "
"CLT",2018,7,543,-12,645,-27,0,"","PSA Airlines Inc. "
"CLT",2018,3,700,-7,808,-11,0,"","PSA Airlines Inc. "
"CLT",2018,3,700,-5,808,-5,0,"","PSA Airlines Inc. "
"CLT",2018,3,908,2,1019,-7,0,"","PSA Airlines Inc. "
"CLT",2018,9,1748,132,1909,129,0,"","PSA Airlines Inc. "
"CLT",2018,10,1117,-4,1231,-7,0,"","PSA Airlines Inc. "
"CLT",2018,4,1945,12,2056,17,0,"","PSA Airlines Inc. "
"CLT",2018,6,543,NA,645,NA,1,"Airline","PSA Airlines Inc. "
"CLT",2018,7,1408,-4,1520,-9,0,"","PSA Airlines Inc. "
"CLT",2018,2,710,-11,820,-27,0,"","PSA Airlines Inc. "
"CLT",2018,11,703,1,815,-20,0,"","PSA Airlines Inc. "
"CLT",2018,4,600,-1,658,1,0,"","PSA Airlines Inc. "
"CLT",2018,5,600,-4,654,4,0,"","PSA Airlines Inc. "
"CLT",2018,9,905,36,1019,37,0,"","PSA Airlines Inc. "
"CLT",2018,8,534,-2,639,-2,0,"","PSA Airlines Inc. "
"CLT",2018,2,710,-11,820,-14,0,"","PSA Airlines Inc. "
"CLT",2018,3,908,-1,1019,0,0,"","PSA Airlines Inc. "
"CLT",2018,11,1119,-10,1231,-5,0,"","PSA Airlines Inc. "
"CLT",2018,4,1745,160,1900,141,0,"","PSA Airlines Inc. "
"CLT",2018,4,1745,18,1900,2,0,"","PSA Airlines Inc. "
"CLT",2018,3,700,12,808,14,0,"","PSA Airlines Inc. "
"CLT",2018,7,1116,0,1226,-12,0,"","PSA Airlines Inc. "
"CLT",2018,6,1120,NA,1229,NA,1,"Airline","PSA Airlines Inc. "
"CLT",2018,7,1744,41,1900,17,0,"","PSA Airlines Inc. "
"CLT",2018,4,1745,0,1900,-8,0,"","PSA Airlines Inc. "
"CLT",2018,5,600,-2,654,2,0,"","PSA Airlines Inc. "
"CLT",2018,5,1945,28,2053,28,0,"","PSA Airlines Inc. "
"CLT",2018,6,1943,NA,2052,NA,1,"Airline","PSA Airlines Inc. "
"CLT",2018,7,1744,1,1900,1,0,"","PSA Airlines Inc. "
"CLT",2018,8,1734,-8,1855,-30,0,"","PSA Airlines Inc. "
"CLT",2018,5,1745,32,1900,30,0,"","PSA Airlines Inc. "
"CLT",2018,6,1945,152,2053,132,0,"","PSA Airlines Inc. "
"CLT",2018,12,703,-1,815,-13,0,"","PSA Airlines Inc. "
"CLT",2018,6,1408,34,1520,12,0,"","PSA Airlines Inc. "
"CLT",2018,2,1115,-17,1223,-22,0,"","PSA Airlines Inc. "
"CLT",2018,11,703,-5,815,26,0,"","PSA Airlines Inc. "
"CLT",2018,3,1433,-14,1545,-9,0,"","PSA Airlines Inc. "
"CLT",2018,8,1408,NA,1527,NA,1,"Weather","PSA Airlines Inc. "
"CLT",2018,9,534,21,639,7,0,"","PSA Airlines Inc. "
"CLT",2018,7,1744,-8,1900,7,0,"","PSA Airlines Inc. "
"CLT",2018,9,905,-6,1019,-11,0,"","PSA Airlines Inc. "
"CLT",2018,2,1425,-7,1537,-4,0,"","PSA Airlines Inc. "
"CLT",2018,4,1945,-7,2056,-9,0,"","PSA Airlines Inc. "
"CLT",2018,1,1115,NA,1223,NA,1,"Airline","PSA Airlines Inc. "
"CLT",2018,6,543,-11,645,-26,0,"","PSA Airlines Inc. "
"CLT",2018,4,1113,13,1227,0,0,"","PSA Airlines Inc. "
"CLT",2018,8,1408,46,1520,25,0,"","PSA Airlines Inc. "
"CLT",2018,6,1943,-4,2052,3,0,"","PSA Airlines Inc. "
"CLT",2018,4,1945,18,2056,1,0,"","PSA Airlines Inc. "
"CLT",2018,9,857,-1,1010,-29,0,"","PSA Airlines Inc. "
"CLT",2018,7,543,-7,645,8,0,"","PSA Airlines Inc. "
"CLT",2018,2,1115,NA,1223,NA,1,"Airline","PSA Airlines Inc. "
"CLT",2018,10,1117,-5,1231,-10,0,"","PSA Airlines Inc. "
"CLT",2018,7,1116,34,1226,20,0,"","PSA Airlines Inc. "
"CLT",2018,6,1943,168,2052,150,0,"","PSA Airlines Inc. "
"CLT",2018,6,600,5,654,2,0,"","PSA Airlines Inc. "
"CLT",2018,10,708,-10,825,-28,0,"","PSA Airlines Inc. "
"CLT",2018,3,908,71,1019,58,0,"","PSA Airlines Inc. "
"CLT",2018,7,1744,-18,1900,-12,0,"","PSA Airlines Inc. "
"CLT",2018,8,1120,192,1229,176,0,"","PSA Airlines Inc. "
"CLT",2018,12,703,-7,815,-8,0,"","PSA Airlines Inc. "
"CLT",2018,7,1408,-3,1520,-7,0,"","PSA Airlines Inc. "
"CLT",2018,9,534,-4,639,-1,0,"","PSA Airlines Inc. "
"CLT",2018,4,1745,11,1900,-7,0,"","PSA Airlines Inc. "
"CLT",2018,5,1119,-9,1229,-24,0,"","PSA Airlines Inc. "
"CLT",2018,7,1116,-1,1229,-7,0,"","PSA Airlines Inc. "
"CLT",2018,3,700,-3,808,-15,0,"","PSA Airlines Inc. "
"CLT",2018,8,1734,14,1855,-18,0,"","PSA Airlines Inc. "
"CLT",2018,7,1116,16,1226,2,0,"","PSA Airlines Inc. "
"CLT",2018,3,1433,-9,1545,3,0,"","PSA Airlines Inc. "
"CLT",2018,10,708,-2,825,-19,0,"","PSA Airlines Inc. "
"CLT",2018,9,710,-3,825,-13,0,"","PSA Airlines Inc. "
"CLT",2018,10,1117,-6,1231,-16,0,"","PSA Airlines Inc. "
"CLT",2018,6,600,-3,654,2,0,"","PSA Airlines Inc. "
"CLT",2018,3,908,10,1019,35,0,"","PSA Airlines Inc. "
"CLT",2018,8,1744,158,1900,145,0,"","PSA Airlines Inc. "
"CLT",2018,8,1117,-18,1231,-14,0,"","PSA Airlines Inc. "
"CLT",2018,5,1750,61,1904,64,0,"","PSA Airlines Inc. "
"CLT",2018,8,1408,-6,1527,-22,0,"","PSA Airlines Inc. "
"CLT",2018,3,700,18,808,30,0,"","PSA Airlines Inc. "
"CLT",2018,6,1943,NA,2052,NA,1,"Airline","PSA Airlines Inc. "
"CLT",2018,4,1745,12,1900,16,0,"","PSA Airlines Inc. "
"CLT",2018,6,600,-7,654,-14,0,"","PSA Airlines Inc. "
"CLT",2018,6,1755,NA,1905,NA,1,"Weather","PSA Airlines Inc. "
"CLT",2018,7,1120,3,1229,-9,0,"","PSA Airlines Inc. "
"CLT",2018,6,1120,-10,1229,-27,0,"","PSA Airlines Inc. "
"CLT",2018,3,700,-2,808,38,0,"","PSA Airlines Inc. "
"CLT",2018,9,710,-13,825,-26,0,"","PSA Airlines Inc. "
"CLT",2018,11,1119,25,1231,2,0,"","PSA Airlines Inc. "
"CLT",2018,6,1943,-6,2052,-9,0,"","PSA Airlines Inc. "
"CLT",2018,2,710,-4,820,-11,0,"","PSA Airlines Inc. "
"CLT",2018,11,703,14,815,-3,0,"","PSA Airlines Inc. "
"CLT",2018,11,703,-5,815,-10,0,"","PSA Airlines Inc. "
"CLT",2018,10,708,-2,825,-15,0,"","PSA Airlines Inc. "
"CLT",2018,12,703,4,815,6,0,"","PSA Airlines Inc. "
"CLT",2018,3,1433,-11,1545,-26,0,"","PSA Airlines Inc. "
"CLT",2018,7,1120,6,1229,-10,0,"","PSA Airlines Inc. "
"CLT",2018,6,1120,-7,1229,-17,0,"","PSA Airlines Inc. "
"CLT",2018,6,1120,20,1229,9,0,"","PSA Airlines Inc. "
"CLT",2018,8,1744,20,1900,-1,0,"","PSA Airlines Inc. "
"CLT",2018,5,600,-5,654,14,0,"","PSA Airlines Inc. "
"CLT",2018,2,725,-7,835,-13,0,"","PSA Airlines Inc. "
"CLT",2018,4,600,-5,658,5,0,"","PSA Airlines Inc. "
"CLT",2018,8,1408,-7,1520,-30,0,"","PSA Airlines Inc. "
"CLT",2018,9,710,-11,825,-27,0,"","PSA Airlines Inc. "
"CLT",2018,1,725,-3,835,-3,0,"","PSA Airlines Inc. "
"CLT",2018,8,1744,-5,1900,-32,0,"","PSA Airlines Inc. "
"CLT",2018,3,1433,-7,1545,-2,0,"","PSA Airlines Inc. "
"CLT",2018,6,1119,-6,1229,-22,0,"","PSA Airlines Inc. "
"CLT",2018,9,534,-6,639,-12,0,"","PSA Airlines Inc. "
"CLT",2018,5,600,-8,654,5,0,"","PSA Airlines Inc. "
"CLT",2018,6,1120,NA,1229,NA,1,"Airline","PSA Airlines Inc. "
"CLT",2018,7,1744,118,1900,103,0,"","PSA Airlines Inc. "
"CLT",2018,3,1433,24,1545,4,0,"","PSA Airlines Inc. "
"CLT",2018,8,1408,-10,1527,-17,0,"","PSA Airlines Inc. "
"CLT",2018,9,534,93,639,91,0,"","PSA Airlines Inc. "
"CLT",2018,5,1945,7,2053,1,0,"","PSA Airlines Inc. "
"CLT",2018,8,1117,-9,1231,-25,0,"","PSA Airlines Inc. "
"CLT",2018,12,703,-3,815,-2,0,"","PSA Airlines Inc. "
"CLT",2018,11,703,-6,815,-22,0,"","PSA Airlines Inc. "
"CLT",2018,3,1433,103,1545,98,0,"","PSA Airlines Inc. "
"CLT",2018,9,534,-6,639,0,0,"","PSA Airlines Inc. "
"CLT",2018,9,905,-15,1019,-29,0,"","PSA Airlines Inc. "
"CLT",2018,6,1750,-1,1904,-12,0,"","PSA Airlines Inc. "
"CLT",2018,8,1120,55,1229,46,0,"","PSA Airlines Inc. "
"CLT",2018,5,1750,12,1904,23,0,"","PSA Airlines Inc. "
"CLT",2018,7,1755,8,1905,-2,0,"","PSA Airlines Inc. "
"CLT",2018,7,1408,-7,1520,-8,0,"","PSA Airlines Inc. "
"CLT",2018,10,1117,-8,1231,-22,0,"","PSA Airlines Inc. "
"CLT",2018,5,1750,198,1904,170,0,"","PSA Airlines Inc. "
"CLT",2018,4,1113,-2,1227,-2,0,"","PSA Airlines Inc. "
"CLT",2018,5,1119,-1,1229,-18,0,"","PSA Airlines Inc. "
"CLT",2018,8,1744,41,1900,13,0,"","PSA Airlines Inc. "
"CLT",2018,6,1755,-8,1905,-8,0,"","PSA Airlines Inc. "
"CLT",2018,9,1117,-2,1231,-5,0,"","PSA Airlines Inc. "
"CLT",2018,6,1943,NA,2052,NA,1,"Airline","PSA Airlines Inc. "
"CLT",2018,4,1113,-14,1227,-11,0,"","PSA Airlines Inc. "
"CLT",2018,1,1115,NA,1223,NA,1,"Weather","PSA Airlines Inc. "
"CLT",2018,5,1945,17,2053,11,0,"","PSA Airlines Inc. "
"CLT",2018,3,1433,-13,1545,-5,0,"","PSA Airlines Inc. "
"CLT",2018,12,703,-6,815,-21,0,"","PSA Airlines Inc. "
"CLT",2018,5,1119,-9,1229,-9,0,"","PSA Airlines Inc. "
"CLT",2018,6,1943,21,2052,29,0,"","PSA Airlines Inc. "
"CLT",2018,2,1115,-14,1223,-29,0,"","PSA Airlines Inc. "
"CLT",2018,2,1115,78,1223,60,0,"","PSA Airlines Inc. "
"CLT",2018,5,1745,-2,1900,-20,0,"","PSA Airlines Inc. "
"CLT",2018,5,1119,-4,1229,-8,0,"","PSA Airlines Inc. "
"CLT",2018,6,1945,-10,2053,47,0,"","PSA Airlines Inc. "
"CLT",2018,10,708,-8,825,-38,0,"","PSA Airlines Inc. "
"CLT",2018,3,700,-1,808,-1,0,"","PSA Airlines Inc. "
"CLT",2018,6,1408,28,1520,16,0,"","PSA Airlines Inc. "
"CLT",2018,4,1945,-9,2056,-22,0,"","PSA Airlines Inc. "
"CLT",2018,5,600,-8,654,-8,0,"","PSA Airlines Inc. "
"CLT",2018,4,600,-9,658,-6,0,"","PSA Airlines Inc. "
"CLT",2018,11,1119,59,1231,33,0,"","PSA Airlines Inc. "
"CLT",2018,5,1945,-8,2053,-19,0,"","PSA Airlines Inc. "
"CLT",2018,6,1408,-3,1520,-19,0,"","PSA Airlines Inc. "
"CLT",2018,9,534,-6,639,7,0,"","PSA Airlines Inc. "
"CLT",2018,7,1408,24,1520,24,0,"","PSA Airlines Inc. "
"CLT",2018,9,905,6,1019,-6,0,"","PSA Airlines Inc. "
"CLT",2018,6,1755,86,1905,66,0,"","PSA Airlines Inc. "
"CLT",2018,5,600,0,658,-4,0,"","PSA Airlines Inc. "
"CLT",2018,7,1755,-6,1905,-19,0,"","PSA Airlines Inc. "
"CLT",2018,6,1408,4,1520,-18,0,"","PSA Airlines Inc. "
"CLT",2018,9,710,-7,825,-16,0,"","PSA Airlines Inc. "
"CLT",2018,9,710,-8,825,1,0,"","PSA Airlines Inc. "
"CLT",2018,4,1945,-24,2056,-28,0,"","PSA Airlines Inc. "
"CLT",2018,1,1115,-1,1223,-25,0,"","PSA Airlines Inc. "
"CLT",2018,5,1945,-11,2053,-1,0,"","PSA Airlines Inc. "
"CLT",2018,6,543,0,645,16,0,"","PSA Airlines Inc. "
"CLT",2018,6,1119,-4,1229,-18,0,"","PSA Airlines Inc. "
"CLT",2018,8,1744,67,1900,52,0,"","PSA Airlines Inc. "
"CLT",2018,6,1755,36,1905,34,0,"","PSA Airlines Inc. "
"CLT",2018,4,1945,13,2056,22,0,"","PSA Airlines Inc. "
"CLT",2018,10,708,NA,825,NA,1,"Weather","PSA Airlines Inc. "
"CLT",2018,5,1745,21,1900,14,0,"","PSA Airlines Inc. "
"CLT",2018,9,1117,-7,1231,-17,0,"","PSA Airlines Inc. "
"CLT",2018,11,703,-8,815,-6,0,"","PSA Airlines Inc. "
"CLT",2018,3,908,-14,1019,3,0,"","PSA Airlines Inc. "
"CLT",2018,6,1755,35,1905,16,0,"","PSA Airlines Inc. "
"CLT",2018,10,1117,-12,1231,-12,0,"","PSA Airlines Inc. "
"CLT",2018,4,1113,-15,1227,-24,0,"","PSA Airlines Inc. "
"CLT",2018,8,1408,98,1520,81,0,"","PSA Airlines Inc. "
"CLT",2018,3,1425,45,1537,24,0,"","PSA Airlines Inc. "
"CLT",2018,9,905,2,1019,-10,0,"","PSA Airlines Inc. "
"CLT",2018,9,1117,13,1231,-4,0,"","PSA Airlines Inc. "
"CLT",2018,12,1119,-15,1231,-20,0,"","PSA Airlines Inc. "
"CLT",2018,4,1113,-13,1227,-16,0,"","PSA Airlines Inc. "
"CLT",2018,8,1744,6,1900,14,0,"","PSA Airlines Inc. "
"CLT",2018,9,905,-10,1019,-13,0,"","PSA Airlines Inc. "
"CLT",2018,8,1408,-2,1527,-30,0,"","PSA Airlines Inc. "
"CLT",2018,10,534,-11,639,-24,0,"","PSA Airlines Inc. "
"CLT",2018,1,1115,NA,1223,NA,1,"Weather","PSA Airlines Inc. "
"CLT",2018,9,534,-6,639,-8,0,"","PSA Airlines Inc. "
"CLT",2018,10,708,0,825,9,0,"","PSA Airlines Inc. "
"CLT",2018,3,1433,-7,1545,-16,0,"","PSA Airlines Inc. "
"CLT",2018,5,1750,17,1904,-2,0,"","PSA Airlines Inc. "
"CLT",2018,10,1117,-9,1231,-21,0,"","PSA Airlines Inc. "
"CLT",2018,6,1119,-3,1229,-6,0,"","PSA Airlines Inc. "
"CLT",2018,6,543,-4,645,9,0,"","PSA Airlines Inc. "
"CLT",2018,1,1115,5,1223,14,0,"","PSA Airlines Inc. "
"CLT",2018,6,1755,35,1905,34,0,"","PSA Airlines Inc. "
"CLT",2018,8,721,-15,836,-21,0,"","PSA Airlines Inc. "
"CLT",2018,2,725,215,835,206,0,"","PSA Airlines Inc. "
"CLT",2018,9,1734,96,1855,85,0,"","PSA Airlines Inc. "
"CLT",2018,6,543,-5,645,-22,0,"","PSA Airlines Inc. "
"CLT",2018,10,708,-16,825,-23,0,"","PSA Airlines Inc. "
"CLT",2018,6,1945,-6,2053,-6,0,"","PSA Airlines Inc. "
"CLT",2018,10,708,-3,825,-27,0,"","PSA Airlines Inc. "
"CLT",2018,4,600,-3,658,14,0,"","PSA Airlines Inc. "
"CLT",2018,12,1119,-12,1231,-16,0,"","PSA Airlines Inc. "
"CLT",2018,12,1119,-12,1231,-17,0,"","PSA Airlines Inc. "
"CLT",2018,2,710,NA,820,NA,1,"Airline","PSA Airlines Inc. "
"CLT",2018,6,543,-1,645,-6,0,"","PSA Airlines Inc. "
"CLT",2018,9,1117,-14,1231,-15,0,"","PSA Airlines Inc. "
"CLT",2018,5,1945,-4,2053,-1,0,"","PSA Airlines Inc. "
"CLT",2018,9,1117,63,1231,46,0,"","PSA Airlines Inc. "
"CLT",2018,6,1116,7,1229,-19,0,"","PSA Airlines Inc. "
"CLT",2018,9,1117,-9,1231,-31,0,"","PSA Airlines Inc. "
"CLT",2018,1,1115,-4,1223,-2,0,"","PSA Airlines Inc. "
"CLT",2018,10,534,-6,639,-23,0,"","PSA Airlines Inc. "
"CLT",2018,3,908,7,1019,8,0,"","PSA Airlines Inc. "
"CLT",2018,9,710,-2,825,-14,0,"","PSA Airlines Inc. "
"CLT",2018,4,1945,-14,2056,-13,0,"","PSA Airlines Inc. "
"CLT",2018,11,708,-3,825,-3,0,"","PSA Airlines Inc. "
"CLT",2018,6,1755,NA,1905,NA,1,"Airline","PSA Airlines Inc. "
"CLT",2018,7,1408,-7,1520,-29,0,"","PSA Airlines Inc. "
"CLT",2018,6,1750,50,1904,43,0,"","PSA Airlines Inc. "
"CLT",2018,5,1750,-8,1904,-21,0,"","PSA Airlines Inc. "
"CLT",2018,4,1113,-4,1227,-10,0,"","PSA Airlines Inc. "
"CLT",2018,9,710,-10,825,-19,0,"","PSA Airlines Inc. "
"CLT",2018,12,703,-10,815,8,0,"","PSA Airlines Inc. "
"CLT",2018,1,725,-4,835,-4,0,"","PSA Airlines Inc. "
"CLT",2018,8,1744,11,1900,-10,0,"","PSA Airlines Inc. "
"CLT",2018,8,1408,0,1520,-12,0,"","PSA Airlines Inc. "
"CLT",2018,1,1115,14,1223,3,0,"","PSA Airlines Inc. "
"CLT",2018,9,534,-5,639,-6,0,"","PSA Airlines Inc. "
"CLT",2018,10,1748,3,1909,-15,0,"","PSA Airlines Inc. "
"CLT",2018,5,1945,127,2053,128,0,"","PSA Airlines Inc. "
"CLT",2018,6,1755,-1,1905,-16,0,"","PSA Airlines Inc. "
"CLT",2018,2,1425,107,1537,111,0,"","PSA Airlines Inc. "
"CLT",2018,7,1943,-17,2052,-2,0,"","PSA Airlines Inc. "
"CLT",2018,5,1945,97,2053,72,0,"","PSA Airlines Inc. "
"CLT",2018,3,908,115,1019,121,0,"","PSA Airlines Inc. "
"CLT",2018,7,1120,-4,1229,-16,0,"","PSA Airlines Inc. "
"CLT",2018,8,1744,NA,1900,NA,1,"Weather","PSA Airlines Inc. "
"CLT",2018,11,1119,13,1231,-4,0,"","PSA Airlines Inc. "
"CLT",2018,9,1748,0,1909,-17,0,"","PSA Airlines Inc. "
"CLT",2018,6,1120,5,1229,-11,0,"","PSA Airlines Inc. "
"CLT",2018,4,1433,48,1545,33,0,"","PSA Airlines Inc. "
"CLT",2018,3,700,-9,808,-26,0,"","PSA Airlines Inc. "
"CLT",2018,2,1115,155,1223,175,0,"","PSA Airlines Inc. "
"CLT",2018,7,1408,-1,1520,-23,0,"","PSA Airlines Inc. "
"CLT",2018,10,708,-8,825,-11,0,"","PSA Airlines Inc. "
"CLT",2018,3,1433,-4,1545,-28,0,"","PSA Airlines Inc. "
"CLT",2018,5,1750,35,1904,27,0,"","PSA Airlines Inc. "
"CLT",2018,3,1433,-4,1545,-11,0,"","PSA Airlines Inc. "
"CLT",2018,10,1748,115,1909,97,0,"","PSA Airlines Inc. "
"CLT",2018,7,1744,64,1900,72,0,"","PSA Airlines Inc. "
"CLT",2018,5,1119,-11,1229,-13,0,"","PSA Airlines Inc. "
"CLT",2018,1,1115,-5,1223,-18,0,"","PSA Airlines Inc. "
"CLT",2018,2,725,0,835,3,0,"","PSA Airlines Inc. "
"CLT",2018,10,1117,127,1231,105,0,"","PSA Airlines Inc. "
"CLT",2018,4,1945,-14,2056,-13,0,"","PSA Airlines Inc. "
"CLT",2018,2,1115,0,1223,4,0,"","PSA Airlines Inc. "
"CLT",2018,8,1408,-4,1520,-19,0,"","PSA Airlines Inc. "
"CLT",2018,5,1113,-6,1227,-8,0,"","PSA Airlines Inc. "
"CLT",2018,10,1117,-6,1231,-16,0,"","PSA Airlines Inc. "
"CLT",2018,8,1120,5,1229,-18,0,"","PSA Airlines Inc. "
"CLT",2018,12,1119,NA,1231,NA,1,"Weather","PSA Airlines Inc. "
"CLT",2018,11,703,13,815,10,0,"","PSA Airlines Inc. "
"CLT",2018,9,534,-6,639,-18,0,"","PSA Airlines Inc. "
"CLT",2018,12,703,-13,815,-20,0,"","PSA Airlines Inc. "
"CLT",2018,8,1408,-4,1527,-29,0,"","PSA Airlines Inc. "
"CLT",2018,6,1120,-6,1229,-19,0,"","PSA Airlines Inc. "
"CLT",2018,4,1113,-4,1227,-16,0,"","PSA Airlines Inc. "
"CLT",2018,3,700,-6,808,-3,0,"","PSA Airlines Inc. "
"CLT",2018,5,600,-13,654,-14,0,"","PSA Airlines Inc. "
"CLT",2018,4,1945,-16,2056,-20,0,"","PSA Airlines Inc. "
"CLT",2018,10,708,-10,825,-30,0,"","PSA Airlines Inc. "
"CLT",2018,10,1117,10,1231,-4,0,"","PSA Airlines Inc. "
"CLT",2018,9,1408,4,1527,-9,0,"","PSA Airlines Inc. "
"CLT",2018,10,1117,-2,1231,-11,0,"","PSA Airlines Inc. "
"CLT",2018,6,1755,29,1905,31,0,"","PSA Airlines Inc. "
"CLT",2018,9,710,137,825,128,0,"","PSA Airlines Inc. "
"CLT",2018,6,1408,-5,1520,-21,0,"","PSA Airlines Inc. "
"CLT",2018,3,700,6,808,-10,0,"","PSA Airlines Inc. "
"CLT",2018,7,1744,-2,1900,-9,0,"","PSA Airlines Inc. "
"CLT",2018,3,700,0,808,17,0,"","PSA Airlines Inc. "
"CLT",2018,11,703,-9,815,21,0,"","PSA Airlines Inc. "
"CLT",2018,7,1408,3,1520,-5,0,"","PSA Airlines Inc. "
"CLT",2018,5,600,0,654,6,0,"","PSA Airlines Inc. "
"CLT",2018,12,1119,19,1231,-1,0,"","PSA Airlines Inc. "
"CLT",2018,5,1119,2,1229,-11,0,"","PSA Airlines Inc. "
"CLT",2018,8,1408,65,1520,41,0,"","PSA Airlines Inc. "
"CLT",2018,2,1115,-6,1223,-9,0,"","PSA Airlines Inc. "
"CLT",2018,7,1408,-3,1520,-23,0,"","PSA Airlines Inc. "
"CLT",2018,4,1745,15,1900,-6,0,"","PSA Airlines Inc. "
"CLT",2018,7,1120,7,1229,-8,0,"","PSA Airlines Inc. "
"CLT",2018,9,534,NA,639,NA,1,"Weather","PSA Airlines Inc. "
"CLT",2018,10,1117,218,1231,191,0,"","PSA Airlines Inc. "
"CLT",2018,11,1119,-13,1231,-5,0,"","PSA Airlines Inc. "
"CLT",2018,1,725,-2,835,1,0,"","PSA Airlines Inc. "
"CLT",2018,4,1945,-15,2056,-39,0,"","PSA Airlines Inc. "
"CLT",2018,5,1119,-12,1229,-12,0,"","PSA Airlines Inc. "
"CLT",2018,6,1408,1,1520,-8,0,"","PSA Airlines Inc. "
"CLT",2018,11,1119,-7,1231,-20,0,"","PSA Airlines Inc. "
"CLT",2018,1,725,164,835,168,0,"","PSA Airlines Inc. "
"CLT",2018,3,908,-3,1019,-19,0,"","PSA Airlines Inc. "
"CLT",2018,5,1119,14,1229,-6,0,"","PSA Airlines Inc. "
"CLT",2018,11,1119,2,1231,-15,0,"","PSA Airlines Inc. "
"CLT",2018,4,600,0,658,15,0,"","PSA Airlines Inc. "
"CLT",2018,7,1744,130,1900,123,0,"","PSA Airlines Inc. "
"CLT",2018,3,1433,-1,1545,-22,0,"","PSA Airlines Inc. "
"CLT",2018,4,600,-12,658,-7,0,"","PSA Airlines Inc. "
"CLT",2018,10,1117,61,1231,38,0,"","PSA Airlines Inc. "
"CLT",2018,8,1408,10,1520,11,0,"","PSA Airlines Inc. "
"CLT",2018,3,700,-6,808,-26,0,"","PSA Airlines Inc. "
"CLT",2018,9,905,NA,1019,NA,1,"Weather","PSA Airlines Inc. "
"CLT",2018,1,725,-10,835,6,0,"","PSA Airlines Inc. "
"CLT",2018,11,1119,-3,1231,8,0,"","PSA Airlines Inc. "
"CLT",2018,9,1117,1,1231,-8,0,"","PSA Airlines Inc. "
"CLT",2018,2,1115,-3,1223,-13,0,"","PSA Airlines Inc. "
"CLT",2018,9,534,-9,639,11,0,"","PSA Airlines Inc. "
"CLT",2018,8,1117,1,1231,-22,0,"","PSA Airlines Inc. "
"CLT",2018,9,905,-8,1019,-9,0,"","PSA Airlines Inc. "
"CLT",2018,10,1117,-11,1231,-5,0,"","PSA Airlines Inc. "
"CLT",2018,3,908,-4,1019,-15,0,"","PSA Airlines Inc. "
"CLT",2018,5,1750,52,1904,25,0,"","PSA Airlines Inc. "
"CLT",2018,11,1119,26,1231,8,0,"","PSA Airlines Inc. "
"CLT",2018,4,600,-10,658,-8,0,"","PSA Airlines Inc. "
"CLT",2018,5,600,-7,654,8,0,"","PSA Airlines Inc. "
"CLT",2018,10,708,-2,825,-11,0,"","PSA Airlines Inc. "
"CLT",2018,8,1117,-4,1231,-23,0,"","PSA Airlines Inc. "
"CLT",2018,5,1945,73,2053,64,0,"","PSA Airlines Inc. "
"CLT",2018,9,1408,-13,1527,-14,0,"","PSA Airlines Inc. "
"CLT",2018,7,1120,13,1229,-3,0,"","PSA Airlines Inc. "
"CLT",2018,4,600,-1,658,1,0,"","PSA Airlines Inc. "
"CLT",2018,5,1119,-2,1229,-9,0,"","PSA Airlines Inc. "
"CLT",2018,6,543,-7,645,-14,0,"","PSA Airlines Inc. "
"CLT",2018,5,1750,-5,1904,-22,0,"","PSA Airlines Inc. "
"CLT",2018,4,1113,-1,1227,-9,0,"","PSA Airlines Inc. "
"CLT",2018,5,1119,0,1229,-3,0,"","PSA Airlines Inc. "
"CLT",2018,9,1117,95,1231,79,0,"","PSA Airlines Inc. "
"CLT",2018,6,1120,7,1229,-16,0,"","PSA Airlines Inc. "
"CLT",2018,2,710,-6,820,-6,0,"","PSA Airlines Inc. "
"CLT",2018,7,1408,130,1520,129,0,"","PSA Airlines Inc. "
"CLT",2018,10,710,-12,825,-25,0,"","PSA Airlines Inc. "
"CLT",2018,6,543,-7,645,-15,0,"","PSA Airlines Inc. "
"CLT",2018,11,703,1,815,-1,0,"","PSA Airlines Inc. "
"CLT",2018,11,1119,14,1231,-8,0,"","PSA Airlines Inc. "
"CLT",2018,9,905,-1,1019,-6,0,"","PSA Airlines Inc. "
"CLT",2018,6,543,NA,645,NA,1,"Airline","PSA Airlines Inc. "
"CLT",2018,2,1425,16,1537,-4,0,"","PSA Airlines Inc. "
"CLT",2018,12,703,-9,815,-11,0,"","PSA Airlines Inc. "
"CLT",2018,6,1943,-10,2052,-16,0,"","PSA Airlines Inc. "
"CLT",2018,3,908,-9,1019,9,0,"","PSA Airlines Inc. "
"CLT",2018,8,1120,-10,1229,-8,0,"","PSA Airlines Inc. "
"CLT",2018,7,1943,-5,2052,-20,0,"","PSA Airlines Inc. "
"CLT",2018,9,1748,-1,1909,-22,0,"","PSA Airlines Inc. "
"CLT",2018,8,535,-8,639,-31,0,"","PSA Airlines Inc. "
"CLT",2018,6,543,-1,645,-6,0,"","PSA Airlines Inc. "
"CLT",2018,9,1748,272,1909,246,0,"","PSA Airlines Inc. "
"CLT",2018,3,1433,-5,1545,-2,0,"","PSA Airlines Inc. "
"CLT",2018,6,1750,77,1904,49,0,"","PSA Airlines Inc. "
"CLT",2018,8,1408,34,1520,18,0,"","PSA Airlines Inc. "
"CLT",2018,5,600,0,654,7,0,"","PSA Airlines Inc. "
"CLT",2018,6,1408,83,1520,66,0,"","PSA Airlines Inc. "
"CLT",2018,4,1945,162,2056,138,0,"","PSA Airlines Inc. "
"CLT",2018,7,1408,-6,1520,-15,0,"","PSA Airlines Inc. "
"CLT",2018,8,1120,33,1229,9,0,"","PSA Airlines Inc. "
"CLT",2018,9,1748,-11,1909,-21,0,"","PSA Airlines Inc. "
"CLT",2018,6,1120,-9,1229,-1,0,"","PSA Airlines Inc. "
"CLT",2018,4,1113,11,1227,-7,0,"","PSA Airlines Inc. "
"CLT",2018,9,1117,-7,1231,-7,0,"","PSA Airlines Inc. "
"CLT",2018,3,700,NA,808,NA,1,"Airline","PSA Airlines Inc. "
"CLT",2018,9,710,0,825,-26,0,"","PSA Airlines Inc. "
"CLT",2018,3,908,-11,1019,2,0,"","PSA Airlines Inc. "
"CLT",2018,6,1120,-1,1229,-6,0,"","PSA Airlines Inc. "
"CLT",2018,9,710,-2,825,-19,0,"","PSA Airlines Inc. "
"CLT",2018,7,1744,107,1900,114,0,"","PSA Airlines Inc. "
"CLT",2018,6,1943,-7,2052,-7,0,"","PSA Airlines Inc. "
"CLT",2018,12,703,-6,815,12,0,"","PSA Airlines Inc. "
"CLT",2018,2,1425,-6,1537,-18,0,"","PSA Airlines Inc. "
"CLT",2018,5,1945,-5,2056,-20,0,"","PSA Airlines Inc. "
"CLT",2018,9,1117,-10,1231,-17,0,"","PSA Airlines Inc. "
"CLT",2018,8,1120,-9,1229,-20,0,"","PSA Airlines Inc. "
"CLT",2018,3,700,-1,808,7,0,"","PSA Airlines Inc. "
"CLT",2018,4,1745,-4,1900,-10,0,"","PSA Airlines Inc. "
"CLT",2018,7,1120,-1,1229,1,0,"","PSA Airlines Inc. "
"CLT",2018,4,1745,-1,1900,-17,0,"","PSA Airlines Inc. "
"CLT",2018,11,703,-9,815,-23,0,"","PSA Airlines Inc. "
"CLT",2018,10,1748,13,1909,2,0,"","PSA Airlines Inc. "
"CLT",2018,5,600,-3,654,-8,0,"","PSA Airlines Inc. "
"CLT",2018,9,1117,13,1231,-5,0,"","PSA Airlines Inc. "
"CLT",2018,8,534,-11,639,-19,0,"","PSA Airlines Inc. "
"CLT",2018,4,1113,-3,1227,-15,0,"","PSA Airlines Inc. "
"CLT",2018,5,1945,33,2053,15,0,"","PSA Airlines Inc. "
"CLT",2018,1,1115,-6,1223,7,0,"","PSA Airlines Inc. "
"CLT",2018,4,1745,21,1900,-2,0,"","PSA Airlines Inc. "
"CLT",2018,11,703,-4,815,-8,0,"","PSA Airlines Inc. "
"CLT",2018,6,1408,-6,1520,-11,0,"","PSA Airlines Inc. "
"CLT",2018,8,534,-12,639,-17,0,"","PSA Airlines Inc. "
"CLT",2018,7,1408,-4,1520,0,0,"","PSA Airlines Inc. "
"CLT",2018,3,908,-5,1019,16,0,"","PSA Airlines Inc. "
"CLT",2018,8,721,-11,836,-24,0,"","PSA Airlines Inc. "
"CLT",2018,7,1744,23,1900,2,0,"","PSA Airlines Inc. "
"CLT",2018,11,703,-8,815,-26,0,"","PSA Airlines Inc. "
"CLT",2018,6,1755,33,1905,61,0,"","PSA Airlines Inc. "
"CLT",2018,3,908,22,1019,26,0,"","PSA Airlines Inc. "
"CLT",2018,6,543,NA,645,NA,1,"Airline","PSA Airlines Inc. "
"CLT",2018,2,710,-4,820,-8,0,"","PSA Airlines Inc. "
"CLT",2018,6,1408,113,1520,131,0,"","PSA Airlines Inc. "
"CLT",2018,6,543,NA,645,NA,1,"Airline","PSA Airlines Inc. "
"CLT",2018,4,1745,NA,1900,NA,1,"Weather","PSA Airlines Inc. "
"CLT",2018,9,905,-11,1019,-7,0,"","PSA Airlines Inc. "
"CLT",2018,4,600,-10,658,-1,0,"","PSA Airlines Inc. "
"CLT",2018,8,1117,26,1231,4,0,"","PSA Airlines Inc. "
"CLT",2018,9,1117,6,1231,-3,0,"","PSA Airlines Inc. "
"CLT",2018,9,1117,-9,1231,-18,0,"","PSA Airlines Inc. "
"CLT",2018,7,1120,9,1229,8,0,"","PSA Airlines Inc. "
"CLT",2018,2,1115,-5,1223,15,0,"","PSA Airlines Inc. "
"CLT",2018,12,703,-1,815,-24,0,"","PSA Airlines Inc. "
"CLT",2018,8,1744,-5,1900,-22,0,"","PSA Airlines Inc. "
"CLT",2018,4,1745,58,1900,31,0,"","PSA Airlines Inc. "
"CLT",2018,9,1117,-1,1231,-15,0,"","PSA Airlines Inc. "
"CLT",2018,10,1117,-3,1231,-19,0,"","PSA Airlines Inc. "
"CLT",2018,4,908,-13,1019,-13,0,"","PSA Airlines Inc. "
"CLT",2018,11,703,-8,815,33,0,"","PSA Airlines Inc. "
"CLT",2018,7,1120,-10,1229,-15,0,"","PSA Airlines Inc. "
"CLT",2018,10,534,-2,639,-15,0,"","PSA Airlines Inc. "
"CLT",2018,9,721,-13,836,-28,0,"","PSA Airlines Inc. "
"CLT",2018,6,1755,NA,1905,NA,1,"Airline","PSA Airlines Inc. "
"CLT",2018,4,600,25,658,18,0,"","PSA Airlines Inc. "
"CLT",2018,10,905,-9,1019,-29,0,"","PSA Airlines Inc. "
"CLT",2018,2,1115,-4,1223,-8,0,"","PSA Airlines Inc. "
"CLT",2018,5,1119,-9,1229,-24,0,"","PSA Airlines Inc. "
"CLT",2018,6,1943,-8,2052,1,0,"","PSA Airlines Inc. "
"CLT",2018,8,1408,50,1520,33,0,"","PSA Airlines Inc. "
"CLT",2018,5,1119,100,1229,101,0,"","PSA Airlines Inc. "
"CLT",2018,9,534,-6,639,2,0,"","PSA Airlines Inc. "
"CLT",2018,7,1408,12,1520,-13,0,"","PSA Airlines Inc. "
"CLT",2018,7,1755,-12,1905,-17,0,"","PSA Airlines Inc. "
"CLT",2018,9,1117,-8,1231,-22,0,"","PSA Airlines Inc. "
"CLT",2018,7,1120,25,1229,8,0,"","PSA Airlines Inc. "
"CLT",2018,10,905,6,1019,-7,0,"","PSA Airlines Inc. "
"CLT",2018,5,1750,39,1904,19,0,"","PSA Airlines Inc. "
"CLT",2018,1,725,-9,835,-7,0,"","PSA Airlines Inc. "
"CLT",2018,6,1943,47,2052,29,0,"","PSA Airlines Inc. "
"CLT",2018,1,1115,-9,1223,-19,0,"","PSA Airlines Inc. "
"CLT",2018,5,1119,-11,1229,-19,0,"","PSA Airlines Inc. "
"CLT",2018,10,708,-5,825,-4,0,"","PSA Airlines Inc. "
"CLT",2018,11,1119,-2,1231,-20,0,"","PSA Airlines Inc. "
"CLT",2018,3,908,-13,1019,6,0,"","PSA Airlines Inc. "
"CLT",2018,3,700,10,808,-9,0,"","PSA Airlines Inc. "
"CLT",2018,7,1943,-14,2052,-17,0,"","PSA Airlines Inc. "
"CLT",2018,9,534,-8,639,24,0,"","PSA Airlines Inc. "
"CLT",2018,4,1113,-10,1227,-14,0,"","PSA Airlines Inc. "
"CLT",2018,8,1408,7,1527,-15,0,"","PSA Airlines Inc. "
"CLT",2018,5,1113,-12,1227,-30,0,"","PSA Airlines Inc. "
"CLT",2018,9,1748,15,1909,12,0,"","PSA Airlines Inc. "
"CLT",2018,5,1945,-4,2053,-11,0,"","PSA Airlines Inc. "
"CLT",2018,6,1755,45,1905,70,0,"","PSA Airlines Inc. "
"CLT",2018,4,600,-6,658,-2,0,"","PSA Airlines Inc. "
"CLT",2018,2,710,9,820,-8,0,"","PSA Airlines Inc. "
"CLT",2018,9,1748,103,1909,96,0,"","PSA Airlines Inc. "
"CLT",2018,5,1113,4,1227,-10,0,"","PSA Airlines Inc. "
"CLT",2018,9,534,-3,639,-13,0,"","PSA Airlines Inc. "
"CLT",2018,4,1945,-7,2056,-14,0,"","PSA Airlines Inc. "
"CLT",2018,8,1116,-6,1226,-19,0,"","PSA Airlines Inc. "
"CLT",2018,1,725,NA,835,NA,1,"Weather","PSA Airlines Inc. "
"CLT",2018,6,1943,NA,2052,NA,1,"Airline","PSA Airlines Inc. "
"CLT",2018,6,600,-3,654,-1,0,"","PSA Airlines Inc. "
"CLT",2018,5,1119,-1,1229,-8,0,"","PSA Airlines Inc. "
"CLT",2018,7,1408,-6,1520,-11,0,"","PSA Airlines Inc. "
"CLT",2018,4,600,-6,658,-1,0,"","PSA Airlines Inc. "
"CLT",2018,9,710,93,825,87,0,"","PSA Airlines Inc. "
"CLT",2018,3,700,-1,808,7,0,"","PSA Airlines Inc. "
"CLT",2018,4,1113,-14,1227,-5,0,"","PSA Airlines Inc. "
"CLT",2018,5,1119,-4,1229,-11,0,"","PSA Airlines Inc. "
"CLT",2018,1,1115,35,1223,22,0,"","PSA Airlines Inc. "
"CLT",2018,5,1750,64,1904,33,0,"","PSA Airlines Inc. "
"CLT",2018,10,708,-11,825,-14,0,"","PSA Airlines Inc. "
"CLT",2018,4,600,105,658,96,0,"","PSA Airlines Inc. "
"CLT",2018,12,1119,-14,1231,-23,0,"","PSA Airlines Inc. "
"CLT",2018,1,725,-4,835,-6,0,"","PSA Airlines Inc. "
"CLT",2018,8,1120,7,1229,-11,0,"","PSA Airlines Inc. "
"CLT",2018,8,1117,-9,1231,-18,0,"","PSA Airlines Inc. "
"CLT",2018,1,1115,-2,1223,23,0,"","PSA Airlines Inc. "
"CLT",2018,5,1945,137,2053,132,0,"","PSA Airlines Inc. "
"CLT",2018,10,1117,-3,1231,-21,0,"","PSA Airlines Inc. "
"CLT",2018,1,1115,-9,1223,-9,0,"","PSA Airlines Inc. "
"CLT",2018,10,708,-7,825,-42,0,"","PSA Airlines Inc. "
"CLT",2018,12,703,NA,815,NA,1,"Weather","PSA Airlines Inc. "
"CLT",2018,7,1408,-6,1520,-29,0,"","PSA Airlines Inc. "
"CLT",2018,4,1745,1,1900,-10,0,"","PSA Airlines Inc. "
"CLT",2018,9,534,-9,639,19,0,"","PSA Airlines Inc. "
"CLT",2018,3,1433,-3,1545,-15,0,"","PSA Airlines Inc. "
"CLT",2018,5,1945,174,2053,158,0,"","PSA Airlines Inc. "
"CLT",2018,1,725,-11,835,25,0,"","PSA Airlines Inc. "
"CLT",2018,6,1943,-10,2052,-21,0,"","PSA Airlines Inc. "
"CLT",2018,8,721,-11,836,-38,0,"","PSA Airlines Inc. "
"CLT",2018,3,1433,0,1545,-6,0,"","PSA Airlines Inc. "
"CLT",2018,3,1433,4,1545,-18,0,"","PSA Airlines Inc. "
"CLT",2018,4,600,-9,658,8,0,"","PSA Airlines Inc. "
"CLT",2018,6,600,84,654,82,0,"","PSA Airlines Inc. "
"CLT",2018,11,703,0,815,58,0,"","PSA Airlines Inc. "
"CLT",2018,1,725,100,835,97,0,"","PSA Airlines Inc. "
"CLT",2018,9,1117,0,1231,-15,0,"","PSA Airlines Inc. "
"CLT",2018,6,1943,148,2052,135,0,"","PSA Airlines Inc. "
"CLT",2018,8,1120,0,1229,-8,0,"","PSA Airlines Inc. "
"CLT",2018,8,1116,11,1226,-4,0,"","PSA Airlines Inc. "
"CLT",2018,4,1113,-12,1227,-26,0,"","PSA Airlines Inc. "
"CLT",2018,3,1433,20,1545,4,0,"","PSA Airlines Inc. "
"CLT",2018,8,1734,132,1855,101,0,"","PSA Airlines Inc. "
"CLT",2018,12,705,-1,815,-11,0,"","PSA Airlines Inc. "
"CLT",2018,6,1120,-12,1229,-16,0,"","PSA Airlines Inc. "
"CLT",2018,7,1408,0,1520,-15,0,"","PSA Airlines Inc. "
"CLT",2018,6,1755,NA,1905,NA,1,"Airline","PSA Airlines Inc. "
"CLT",2018,8,1120,-8,1229,-12,0,"","PSA Airlines Inc. "
"CLT",2018,1,1115,-16,1223,-21,0,"","PSA Airlines Inc. "
"CLT",2018,5,1119,33,1229,6,0,"","PSA Airlines Inc. "
"CLT",2018,9,710,-13,825,-26,0,"","PSA Airlines Inc. "
"CLT",2018,5,1945,50,2053,49,0,"","PSA Airlines Inc. "
"CLT",2018,2,710,-8,820,-10,0,"","PSA Airlines Inc. "
"CLT",2018,6,1750,6,1904,-22,0,"","PSA Airlines Inc. "
"CLT",2018,11,1119,-4,1231,-7,0,"","PSA Airlines Inc. "
"CLT",2018,8,1744,166,1900,137,0,"","PSA Airlines Inc. "
"CLT",2018,3,700,-8,808,3,0,"","PSA Airlines Inc. "
"CLT",2018,9,905,-14,1019,-3,0,"","PSA Airlines Inc. "
"CLT",2018,6,543,-8,645,12,0,"","PSA Airlines Inc. "
"CLT",2018,6,1755,261,1905,236,0,"","PSA Airlines Inc. "
"CLT",2018,8,534,-10,639,-8,0,"","PSA Airlines Inc. "
"CLT",2018,7,1408,-5,1520,-10,0,"","PSA Airlines Inc. "
"CLT",2018,6,1120,NA,1229,NA,1,"Airline","PSA Airlines Inc. "
"CLT",2018,5,600,-9,654,-11,0,"","PSA Airlines Inc. "
"CLT",2018,6,1755,23,1905,4,0,"","PSA Airlines Inc. "
"CLT",2018,11,1119,-3,1231,-7,0,"","PSA Airlines Inc. "
"CLT",2018,9,710,-11,825,-9,0,"","PSA Airlines Inc. "
"CLT",2018,5,1750,16,1904,14,0,"","PSA Airlines Inc. "
"CLT",2018,9,534,2,639,30,0,"","PSA Airlines Inc. "
"CLT",2018,4,1113,-11,1227,-8,0,"","PSA Airlines Inc. "
"CLT",2018,5,1750,-6,1904,-15,0,"","PSA Airlines Inc. "
"CLT",2018,3,1433,2,1545,8,0,"","PSA Airlines Inc. "
"CLT",2018,9,1748,7,1909,-10,0,"","PSA Airlines Inc. "
"CLT",2018,7,1408,32,1520,41,0,"","PSA Airlines Inc. "
"CLT",2018,2,1425,33,1537,19,0,"","PSA Airlines Inc. "
"CLT",2018,2,725,165,835,149,0,"","PSA Airlines Inc. "
"CLT",2018,7,1744,57,1900,78,0,"","PSA Airlines Inc. "
"CLT",2018,3,908,-2,1019,42,0,"","PSA Airlines Inc. "
"CLT",2018,4,600,-2,658,-14,0,"","PSA Airlines Inc. "
"CLT",2018,7,1120,-6,1229,-12,0,"","PSA Airlines Inc. "
"CLT",2018,12,1119,-15,1231,-2,0,"","PSA Airlines Inc. "
"CLT",2018,9,1748,-11,1909,-32,0,"","PSA Airlines Inc. "
"CLT",2018,11,703,-4,815,-6,0,"","PSA Airlines Inc. "
"CLT",2018,6,1116,1,1229,2,0,"","PSA Airlines Inc. "
"CLT",2018,4,1745,-7,1900,-27,0,"","PSA Airlines Inc. "
"CLT",2018,1,725,-1,835,19,0,"","PSA Airlines Inc. "
"CLT",2018,9,1117,-7,1231,-9,0,"","PSA Airlines Inc. "
"CLT",2018,4,1113,-10,1227,-12,0,"","PSA Airlines Inc. "
"CLT",2018,9,1117,-5,1231,-10,0,"","PSA Airlines Inc. "
"CLT",2018,8,721,-4,836,-17,0,"","PSA Airlines Inc. "
"CLT",2018,9,1748,10,1909,-15,0,"","PSA Airlines Inc. "
"CLT",2018,6,544,4,645,-6,0,"","PSA Airlines Inc. "
"CLT",2018,1,1115,-6,1223,-22,0,"","PSA Airlines Inc. "
"CLT",2018,10,708,7,825,-11,0,"","PSA Airlines Inc. "
"CLT",2018,10,708,-8,825,-20,0,"","PSA Airlines Inc. "
"CLT",2018,3,908,-12,1019,3,0,"","PSA Airlines Inc. "
"CLT",2018,3,908,14,1019,-4,0,"","PSA Airlines Inc. "
"CLT",2018,6,1755,15,1905,13,0,"","PSA Airlines Inc. "
"CLT",2018,1,725,-3,835,14,0,"","PSA Airlines Inc. "
"CLT",2018,6,1120,52,1229,44,0,"","PSA Airlines Inc. "
"CLT",2018,8,1744,30,1900,12,0,"","PSA Airlines Inc. "
"CLT",2018,4,1745,-7,1900,-10,0,"","PSA Airlines Inc. "
"CLT",2018,9,710,-4,825,-21,0,"","PSA Airlines Inc. "
"CLT",2018,9,534,0,639,-5,0,"","PSA Airlines Inc. "
"CLT",2018,3,908,-7,1019,3,0,"","PSA Airlines Inc. "
"CLT",2018,4,1945,-10,2056,-17,0,"","PSA Airlines Inc. "
"CLT",2018,7,1744,18,1900,14,0,"","PSA Airlines Inc. "
"CLT",2018,5,1945,58,2053,71,0,"","PSA Airlines Inc. "
"CLT",2018,4,1745,0,1900,9,0,"","PSA Airlines Inc. "
"CLT",2018,6,1120,-2,1229,-6,0,"","PSA Airlines Inc. "
"CLT",2018,5,1119,-3,1229,-15,0,"","PSA Airlines Inc. "
"CLT",2018,4,600,-1,658,11,0,"","PSA Airlines Inc. "
"CLT",2018,5,1750,-2,1904,-16,0,"","PSA Airlines Inc. "
"CLT",2018,6,1119,-5,1229,-14,0,"","PSA Airlines Inc. "
"CLT",2018,5,600,236,654,240,0,"","PSA Airlines Inc. "
"CLT",2018,8,1408,151,1520,134,0,"","PSA Airlines Inc. "
"CLT",2018,9,1748,21,1909,8,0,"","PSA Airlines Inc. "
"CLT",2018,6,1945,63,2053,48,0,"","PSA Airlines Inc. "
"CLT",2018,7,1408,-2,1520,-2,0,"","PSA Airlines Inc. "
"CLT",2018,3,908,-11,1019,-20,0,"","PSA Airlines Inc. "
"CLT",2018,1,725,-2,835,-25,0,"","PSA Airlines Inc. "
"CLT",2018,5,1119,54,1229,48,0,"","PSA Airlines Inc. "
"CLT",2018,11,703,-12,815,-10,0,"","PSA Airlines Inc. "
"CLT",2018,11,703,243,815,232,0,"","PSA Airlines Inc. "
"CLT",2018,5,1750,173,1904,160,0,"","PSA Airlines Inc. "
"CLT",2018,8,1744,90,1900,65,0,"","PSA Airlines Inc. "
"CLT",2018,6,1943,-10,2052,-22,0,"","PSA Airlines Inc. "
"CLT",2018,4,1113,-15,1227,-39,0,"","PSA Airlines Inc. "
"CLT",2018,5,600,-4,654,-12,0,"","PSA Airlines Inc. "
"CLT",2018,6,1119,-4,1229,-18,0,"","PSA Airlines Inc. "
"CLT",2018,1,1115,-10,1223,-18,0,"","PSA Airlines Inc. "
"CLT",2018,9,1117,-7,1231,-15,0,"","PSA Airlines Inc. "
"CLT",2018,6,543,-1,645,-2,0,"","PSA Airlines Inc. "
"CLT",2018,1,725,-8,835,1,0,"","PSA Airlines Inc. "
"CLT",2018,2,725,-4,835,-16,0,"","PSA Airlines Inc. "
"CLT",2018,3,710,0,820,-15,0,"","PSA Airlines Inc. "
"CLT",2018,8,1408,-8,1520,-24,0,"","PSA Airlines Inc. "
"CLT",2018,10,708,-12,825,-13,0,"","PSA Airlines Inc. "
"CLT",2018,8,1744,-10,1900,-25,0,"","PSA Airlines Inc. "
"CLT",2018,11,703,-6,815,-13,0,"","PSA Airlines Inc. "
"CLT",2018,5,1750,114,1904,103,0,"","PSA Airlines Inc. "
"CLT",2018,9,710,-10,825,-8,0,"","PSA Airlines Inc. "
"CLT",2018,10,1117,-6,1231,-13,0,"","PSA Airlines Inc. "
"CLT",2018,7,1120,-1,1229,0,0,"","PSA Airlines Inc. "
"CLT",2018,3,710,1,820,21,0,"","PSA Airlines Inc. "
"CLT",2018,9,1748,351,1909,324,0,"","PSA Airlines Inc. "
"CLT",2018,10,708,-11,825,-18,0,"","PSA Airlines Inc. "
"CLT",2018,7,1116,23,1229,-6,0,"","PSA Airlines Inc. "
"CLT",2018,11,1119,11,1231,1,0,"","PSA Airlines Inc. "
"CLT",2018,4,1745,11,1900,-6,0,"","PSA Airlines Inc. "
"CLT",2018,6,1408,10,1520,-10,0,"","PSA Airlines Inc. "
"CLT",2018,8,1734,52,1855,27,0,"","PSA Airlines Inc. "
"CLT",2018,11,703,-9,815,-19,0,"","PSA Airlines Inc. "
"CLT",2018,5,1750,-9,1904,-32,0,"","PSA Airlines Inc. "
"CLT",2018,10,708,-6,825,-8,0,"","PSA Airlines Inc. "
"CLT",2018,12,1119,-12,1231,-7,0,"","PSA Airlines Inc. "
"CLT",2018,2,1425,101,1537,89,0,"","PSA Airlines Inc. "
"CLT",2018,5,1750,-9,1904,-24,0,"","PSA Airlines Inc. "
"CLT",2018,4,600,0,658,3,0,"","PSA Airlines Inc. "
"CLT",2018,5,1945,93,2053,78,0,"","PSA Airlines Inc. "
"CLT",2018,5,1750,66,1904,50,0,"","PSA Airlines Inc. "
"CLT",2018,9,1408,15,1527,-14,0,"","PSA Airlines Inc. "
"CLT",2018,5,1750,125,1904,136,0,"","PSA Airlines Inc. "
"CLT",2018,11,708,11,825,-5,0,"","PSA Airlines Inc. "
"CLT",2018,4,700,-10,808,-33,0,"","PSA Airlines Inc. "
"CLT",2018,12,703,-3,815,-28,0,"","PSA Airlines Inc. "
"CLT",2018,2,1115,8,1223,-2,0,"","PSA Airlines Inc. "
"CLT",2018,6,1408,10,1520,1,0,"","PSA Airlines Inc. "
"CLT",2018,12,703,-4,815,14,0,"","PSA Airlines Inc. "
"CLT",2018,9,534,1,639,-8,0,"","PSA Airlines Inc. "
"CLT",2018,5,600,-3,654,-11,0,"","PSA Airlines Inc. "
"CLT",2018,3,1433,-14,1545,1,0,"","PSA Airlines Inc. "
"CLT",2018,6,1750,86,1904,76,0,"","PSA Airlines Inc. "
"CLT",2018,6,1755,NA,1905,NA,1,"Airline","PSA Airlines Inc. "
"CLT",2018,7,1120,-1,1229,-11,0,"","PSA Airlines Inc. "
"CLT",2018,4,1745,25,1900,22,0,"","PSA Airlines Inc. "
"CLT",2018,11,703,-1,815,-9,0,"","PSA Airlines Inc. "
"CLT",2018,3,700,23,808,23,0,"","PSA Airlines Inc. "
"CLT",2018,10,710,-12,825,-26,0,"","PSA Airlines Inc. "
"CLT",2018,1,1115,-7,1223,-15,0,"","PSA Airlines Inc. "
"CLT",2018,11,1119,-1,1231,-1,0,"","PSA Airlines Inc. "
"CLT",2018,1,1115,23,1223,16,0,"","PSA Airlines Inc. "
"CLT",2018,2,1425,7,1537,-11,0,"","PSA Airlines Inc. "
"CLT",2018,3,700,-4,808,1,0,"","PSA Airlines Inc. "
"CLT",2018,6,1120,0,1229,-14,0,"","PSA Airlines Inc. "
"CLT",2018,7,1744,126,1900,111,0,"","PSA Airlines Inc. "
"CLT",2018,9,710,72,825,40,0,"","PSA Airlines Inc. "
"CLT",2018,6,1120,2,1229,-18,0,"","PSA Airlines Inc. "
"CLT",2018,3,1433,-3,1545,-16,0,"","PSA Airlines Inc. "
"CLT",2018,4,1945,6,2056,-3,0,"","PSA Airlines Inc. "
"CLT",2018,5,1945,-5,2053,-1,0,"","PSA Airlines Inc. "
"CLT",2018,1,1115,22,1223,1,0,"","PSA Airlines Inc. "
"CLT",2018,9,710,129,825,128,0,"","PSA Airlines Inc. "
"CLT",2018,2,1115,-19,1223,-16,0,"","PSA Airlines Inc. "
"CLT",2018,9,1117,35,1231,15,0,"","PSA Airlines Inc. "
"CLT",2018,9,721,-11,836,-20,0,"","PSA Airlines Inc. "
"CLT",2018,11,1117,-6,1231,-10,0,"","PSA Airlines Inc. "
"CLT",2018,2,1425,-7,1537,-26,0,"","PSA Airlines Inc. "
"CLT",2018,11,703,-6,815,-6,0,"","PSA Airlines Inc. "
"CLT",2018,8,1408,28,1520,22,0,"","PSA Airlines Inc. "
"CLT",2018,9,710,-8,825,-5,0,"","PSA Airlines Inc. "
"CLT",2018,7,1744,-10,1900,-29,0,"","PSA Airlines Inc. "
"CLT",2018,4,1945,-8,2056,-7,0,"","PSA Airlines Inc. "
"CLT",2018,9,534,0,639,-11,0,"","PSA Airlines Inc. "
"CLT",2018,8,721,-8,836,-29,0,"","PSA Airlines Inc. "
"CLT",2018,6,1755,-7,1905,-15,0,"","PSA Airlines Inc. "
"CLT",2018,3,908,-16,1019,-35,0,"","PSA Airlines Inc. "
"CLT",2018,9,710,NA,825,NA,1,"Weather","PSA Airlines Inc. "
"CLT",2018,10,708,-14,825,-33,0,"","PSA Airlines Inc. "
"CLT",2018,6,543,-8,645,-14,0,"","PSA Airlines Inc. "
"CLT",2018,1,1115,19,1223,11,0,"","PSA Airlines Inc. "
"CLT",2018,3,700,-10,808,-4,0,"","PSA Airlines Inc. "
"CLT",2018,6,1755,NA,1905,NA,1,"Airline","PSA Airlines Inc. "
"CLT",2018,3,908,-8,1019,-27,0,"","PSA Airlines Inc. "
"CLT",2018,12,703,-8,815,-23,0,"","PSA Airlines Inc. "
"CLT",2018,4,1113,-17,1227,-14,0,"","PSA Airlines Inc. "
"CLT",2018,7,1120,4,1229,-8,0,"","PSA Airlines Inc. "
"CLT",2018,8,1117,-4,1231,-30,0,"","PSA Airlines Inc. "
"CLT",2018,7,1120,-6,1229,-12,0,"","PSA Airlines Inc. "
"CLT",2018,9,534,16,639,26,0,"","PSA Airlines Inc. "
"CLT",2018,9,905,139,1019,124,0,"","PSA Airlines Inc. "
"CLT",2018,3,1425,52,1537,52,0,"","PSA Airlines Inc. "
"CLT",2018,3,908,-4,1019,-3,0,"","PSA Airlines Inc. "
"CLT",2018,8,1744,15,1900,23,0,"","PSA Airlines Inc. "
"CLT",2018,6,1120,-1,1229,11,0,"","PSA Airlines Inc. "
"CLT",2018,8,1408,-8,1527,-21,0,"","PSA Airlines Inc. "
"CLT",2018,5,600,-8,658,-9,0,"","PSA Airlines Inc. "
"CLT",2018,9,1117,NA,1231,NA,1,"Airline","PSA Airlines Inc. "
"CLT",2018,7,1408,-17,1520,-25,0,"","PSA Airlines Inc. "
"CLT",2018,8,1734,5,1855,-26,0,"","PSA Airlines Inc. "
"CLT",2018,7,932,-10,1042,-12,0,"","PSA Airlines Inc. "
"CLT",2018,7,1408,-9,1520,-16,0,"","PSA Airlines Inc. "
"CLT",2018,11,1119,17,1231,3,0,"","PSA Airlines Inc. "
"CLT",2018,7,1120,-12,1229,-18,0,"","PSA Airlines Inc. "
"CLT",2018,7,1120,2,1229,5,0,"","PSA Airlines Inc. "
"CLT",2018,12,703,-3,815,-4,0,"","PSA Airlines Inc. "
"CLT",2018,8,1408,-2,1527,-36,0,"","PSA Airlines Inc. "
"CLT",2018,6,1408,-2,1520,-16,0,"","PSA Airlines Inc. "
"CLT",2018,8,1734,-3,1855,-22,0,"","PSA Airlines Inc. "
"CLT",2018,11,703,-7,815,-13,0,"","PSA Airlines Inc. "
"CLT",2018,9,1117,-15,1231,-31,0,"","PSA Airlines Inc. "
"CLT",2018,8,721,3,836,-10,0,"","PSA Airlines Inc. "
"CLT",2018,6,1408,-6,1520,-17,0,"","PSA Airlines Inc. "
"CLT",2018,5,1119,9,1229,-5,0,"","PSA Airlines Inc. "
"CLT",2018,2,725,-5,835,12,0,"","PSA Airlines Inc. "
"CLT",2018,2,710,-7,820,28,0,"","PSA Airlines Inc. "
"CLT",2018,5,1945,187,2053,170,0,"","PSA Airlines Inc. "
"CLT",2018,2,1425,263,1537,248,0,"","PSA Airlines Inc. "
"CLT",2018,6,1408,219,1520,220,0,"","PSA Airlines Inc. "
"CLT",2018,7,1120,8,1229,-6,0,"","PSA Airlines Inc. "
"CLT",2018,8,1120,-3,1229,-11,0,"","PSA Airlines Inc. "
"CLT",2018,8,534,-5,639,-21,0,"","PSA Airlines Inc. "
"CLT",2018,8,721,-7,836,-15,0,"","PSA Airlines Inc. "
"CLT",2018,5,1750,304,1904,279,0,"","PSA Airlines Inc. "
"CLT",2018,7,1120,3,1229,-3,0,"","PSA Airlines Inc. "
"CLT",2018,10,1117,-12,1231,-16,0,"","PSA Airlines Inc. "
"CLT",2018,4,1745,-13,1900,-9,0,"","PSA Airlines Inc. "
"CLT",2018,9,1748,176,1909,173,0,"","PSA Airlines Inc. "
"CLT",2018,4,600,-10,658,7,0,"","PSA Airlines Inc. "
"CLT",2018,6,543,-2,645,11,0,"","PSA Airlines Inc. "
"CLT",2018,10,708,-4,825,-6,0,"","PSA Airlines Inc. "
"CLT",2018,2,725,7,835,26,0,"","PSA Airlines Inc. "
"CLT",2018,4,600,-9,658,6,0,"","PSA Airlines Inc. "
"CLT",2018,1,1115,190,1223,177,0,"","PSA Airlines Inc. "
"CLT",2018,9,1117,NA,1231,NA,1,"Weather","PSA Airlines Inc. "
"CLT",2018,2,1115,307,1223,311,0,"","PSA Airlines Inc. "
"CLT",2018,5,600,-10,654,4,0,"","PSA Airlines Inc. "
"CLT",2018,4,1745,8,1900,-4,0,"","PSA Airlines Inc. "
"CLT",2018,9,905,159,1019,138,0,"","PSA Airlines Inc. "
"CLT",2018,8,1120,20,1229,17,0,"","PSA Airlines Inc. "
"CLT",2018,5,600,-5,654,-9,0,"","PSA Airlines Inc. "
"CLT",2018,4,1945,-6,2056,-30,0,"","PSA Airlines Inc. "
"CLT",2018,10,708,-8,825,-23,0,"","PSA Airlines Inc. "
"CLT",2018,4,908,-8,1019,-2,0,"","PSA Airlines Inc. "
"CLT",2018,8,1408,-11,1527,-23,0,"","PSA Airlines Inc. "
"CLT",2018,12,1119,20,1231,-2,0,"","PSA Airlines Inc. "
"CLT",2018,10,1117,-14,1231,-14,0,"","PSA Airlines Inc. "
"CLT",2018,10,905,1,1019,-12,0,"","PSA Airlines Inc. "
"CLT",2018,5,1750,109,1904,118,0,"","PSA Airlines Inc. "
"CLT",2018,12,1119,-1,1231,-16,0,"","PSA Airlines Inc. "
"CLT",2018,11,1119,-10,1231,-10,0,"","PSA Airlines Inc. "
"CLT",2018,9,1117,-11,1231,-15,0,"","PSA Airlines Inc. "
"CLT",2018,2,1425,10,1537,-8,0,"","PSA Airlines Inc. "
"CLT",2018,9,534,19,639,37,0,"","PSA Airlines Inc. "
"CLT",2018,5,600,-4,654,-4,0,"","PSA Airlines Inc. "
"CLT",2018,2,1425,-2,1537,-15,0,"","PSA Airlines Inc. "
"CLT",2018,3,1433,0,1545,4,0,"","PSA Airlines Inc. "
"CLT",2018,6,1408,-1,1520,-7,0,"","PSA Airlines Inc. "
"CLT",2018,9,905,20,1019,37,0,"","PSA Airlines Inc. "
"CLT",2018,11,1119,-13,1231,-17,0,"","PSA Airlines Inc. "
"CLT",2018,9,905,1,1019,9,0,"","PSA Airlines Inc. "
"CLT",2018,4,600,21,658,24,0,"","PSA Airlines Inc. "
"CLT",2018,6,1945,-5,2053,8,0,"","PSA Airlines Inc. "
"CLT",2018,1,725,17,835,0,0,"","PSA Airlines Inc. "
"CLT",2018,5,1750,33,1904,15,0,"","PSA Airlines Inc. "
"CLT",2018,5,600,4,654,-2,0,"","PSA Airlines Inc. "
"CLT",2018,7,1408,31,1520,39,0,"","PSA Airlines Inc. "
"CLT",2018,5,1750,106,1904,97,0,"","PSA Airlines Inc. "
"CLT",2018,1,725,NA,835,NA,1,"Weather","PSA Airlines Inc. "
"CLT",2018,3,1433,32,1545,17,0,"","PSA Airlines Inc. "
"CLT",2018,4,1113,0,1227,-19,0,"","PSA Airlines Inc. "
"CLT",2018,7,1744,-3,1900,-23,0,"","PSA Airlines Inc. "
"CLT",2018,4,1745,-6,1900,-17,0,"","PSA Airlines Inc. "
"CLT",2018,10,1117,-10,1231,-20,0,"","PSA Airlines Inc. "
"CLT",2018,4,1745,0,1900,8,0,"","PSA Airlines Inc. "
"CLT",2018,3,700,-9,808,-6,0,"","PSA Airlines Inc. "
"CLT",2018,3,1433,150,1545,157,0,"","PSA Airlines Inc. "
"CLT",2018,8,534,-10,639,-18,0,"","PSA Airlines Inc. "
"CLT",2018,2,710,-5,820,12,0,"","PSA Airlines Inc. "
"CLT",2018,10,1117,-18,1231,-39,0,"","PSA Airlines Inc. "
"CLT",2018,8,721,-4,836,-26,0,"","PSA Airlines Inc. "
"CLT",2018,7,1120,-4,1229,-14,0,"","PSA Airlines Inc. "
"CLT",2018,4,1113,7,1227,-5,0,"","PSA Airlines Inc. "
"CLT",2018,6,1116,NA,1229,NA,1,"Airline","PSA Airlines Inc. "
"CLT",2018,5,1119,42,1229,30,0,"","PSA Airlines Inc. "
"CLT",2018,6,1943,36,2052,17,0,"","PSA Airlines Inc. "
"CLT",2018,3,1433,6,1545,-3,0,"","PSA Airlines Inc. "
"CLT",2018,9,534,186,639,177,0,"","PSA Airlines Inc. "
"CLT",2018,7,1943,-19,2052,-21,0,"","PSA Airlines Inc. "
"CLT",2018,4,600,-1,658,3,0,"","PSA Airlines Inc. "
"CLT",2018,9,1748,-4,1909,-28,0,"","PSA Airlines Inc. "
"CLT",2018,7,1744,-3,1900,-22,0,"","PSA Airlines Inc. "
"CLT",2018,7,1408,-1,1520,-11,0,"","PSA Airlines Inc. "
"CLT",2018,9,534,-5,639,-19,0,"","PSA Airlines Inc. "
"CLT",2018,12,1119,-7,1231,-10,0,"","PSA Airlines Inc. "
"CLT",2018,1,725,-5,835,-15,0,"","PSA Airlines Inc. "
"CLT",2018,4,600,-5,658,-14,0,"","PSA Airlines Inc. "
"CLT",2018,10,1117,-4,1231,-3,0,"","PSA Airlines Inc. "
"CLT",2018,10,1117,-12,1231,-11,0,"","PSA Airlines Inc. "
"CLT",2018,9,710,-13,825,4,0,"","PSA Airlines Inc. "
"CLT",2018,2,725,-3,835,5,0,"","PSA Airlines Inc. "
"CLT",2018,9,905,-10,1019,-19,0,"","PSA Airlines Inc. "
"CLT",2018,6,543,-3,645,-17,0,"","PSA Airlines Inc. "
"CLT",2018,11,703,-4,815,29,0,"","PSA Airlines Inc. "
"CLT",2018,8,1117,-5,1231,-11,0,"","PSA Airlines Inc. "
"CLT",2018,5,1750,-7,1904,-8,0,"","PSA Airlines Inc. "
"CLT",2018,7,1408,12,1520,-8,0,"","PSA Airlines Inc. "
"CLT",2018,6,543,277,645,268,0,"","PSA Airlines Inc. "
"CLT",2018,6,1755,25,1905,28,0,"","PSA Airlines Inc. "
"CLT",2018,11,1119,-10,1231,-12,0,"","PSA Airlines Inc. "
"CLT",2018,5,1945,-8,2053,4,0,"","PSA Airlines Inc. "
"CLT",2018,8,1734,-4,1855,-33,0,"","PSA Airlines Inc. "
"CLT",2018,6,1755,-3,1905,6,0,"","PSA Airlines Inc. "
"CLT",2018,8,1408,359,1520,351,0,"","PSA Airlines Inc. "
"CLT",2018,4,1113,-9,1227,-12,0,"","PSA Airlines Inc. "
"CLT",2018,4,1113,-10,1227,1,0,"","PSA Airlines Inc. "
"CLT",2018,10,708,-2,825,0,0,"","PSA Airlines Inc. "
"CLT",2018,2,1425,-3,1537,6,0,"","PSA Airlines Inc. "
"CLT",2018,6,543,-2,645,-15,0,"","PSA Airlines Inc. "
"CLT",2018,9,1117,-2,1231,-28,0,"","PSA Airlines Inc. "
"CLT",2018,8,1120,8,1229,-1,0,"","PSA Airlines Inc. "
"CLT",2018,7,1755,19,1905,26,0,"","PSA Airlines Inc. "
"CLT",2018,6,543,-3,645,0,0,"","PSA Airlines Inc. "
"CLT",2018,5,1119,-8,1229,-3,0,"","PSA Airlines Inc. "
"CLT",2018,5,600,-8,654,6,0,"","PSA Airlines Inc. "
"CLT",2018,6,1120,-10,1229,-25,0,"","PSA Airlines Inc. "
"CLT",2018,1,725,20,835,21,0,"","PSA Airlines Inc. "
"CLT",2018,3,1433,-4,1545,-6,0,"","PSA Airlines Inc. "
"CLT",2018,8,1117,3,1231,-18,0,"","PSA Airlines Inc. "
"CLT",2018,3,1433,9,1545,-10,0,"","PSA Airlines Inc. "
"CLT",2018,5,600,-8,654,9,0,"","PSA Airlines Inc. "
"CLT",2018,9,1117,-12,1231,-17,0,"","PSA Airlines Inc. "
"CLT",2018,2,725,-2,835,-2,0,"","PSA Airlines Inc. "
"CLT",2018,5,1945,131,2053,115,0,"","PSA Airlines Inc. "
"CLT",2018,7,1408,-13,1520,-17,0,"","PSA Airlines Inc. "
"CLT",2018,5,1945,61,2053,50,0,"","PSA Airlines Inc. "
"CLT",2018,9,534,-1,639,-11,0,"","PSA Airlines Inc. "
"CLT",2018,3,908,-16,1019,-14,0,"","PSA Airlines Inc. "
"CLT",2018,6,1408,44,1520,24,0,"","PSA Airlines Inc. "
"CLT",2018,9,710,0,825,-21,0,"","PSA Airlines Inc. "
"CLT",2018,1,1115,-2,1223,-10,0,"","PSA Airlines Inc. "
"CLT",2018,8,1120,1,1229,-1,0,"","PSA Airlines Inc. "
"CLT",2018,9,534,212,639,206,0,"","PSA Airlines Inc. "
"CLT",2018,6,1408,107,1520,85,0,"","PSA Airlines Inc. "
"CLT",2018,5,1945,72,2053,58,0,"","PSA Airlines Inc. "
"CLT",2018,10,1117,38,1231,26,0,"","PSA Airlines Inc. "
"CLT",2018,11,1119,0,1231,-9,0,"","PSA Airlines Inc. "
"CLT",2018,6,1943,35,2052,13,0,"","PSA Airlines Inc. "
"CLT",2018,12,1119,-15,1231,-12,0,"","PSA Airlines Inc. "
"CLT",2018,9,1117,-6,1231,-17,0,"","PSA Airlines Inc. "
"CLT",2018,11,1119,189,1231,175,0,"","PSA Airlines Inc. "
"CLT",2018,5,600,10,654,19,0,"","PSA Airlines Inc. "
"CLT",2018,4,1103,-8,1217,-11,0,"","PSA Airlines Inc. "
"CLT",2018,9,534,-3,639,42,0,"","PSA Airlines Inc. "
"CLT",2018,8,1408,-3,1527,-37,0,"","PSA Airlines Inc. "
"CLT",2018,2,725,-10,835,2,0,"","PSA Airlines Inc. "
"CLT",2018,4,1745,37,1900,19,0,"","PSA Airlines Inc. "
"CLT",2018,12,1119,-10,1231,-16,0,"","PSA Airlines Inc. "
"CLT",2018,10,708,-4,825,1,0,"","PSA Airlines Inc. "
"CLT",2018,9,1748,8,1909,-19,0,"","PSA Airlines Inc. "
"CLT",2018,4,600,-9,658,-10,0,"","PSA Airlines Inc. "
"CLT",2018,7,1744,-2,1900,-23,0,"","PSA Airlines Inc. "
"CLT",2018,5,1945,-4,2056,-14,0,"","PSA Airlines Inc. "
"CLT",2018,8,1408,-1,1520,-18,0,"","PSA Airlines Inc. "
"CLT",2018,5,1119,1,1229,-7,0,"","PSA Airlines Inc. "
"CLT",2018,6,1750,80,1904,59,0,"","PSA Airlines Inc. "
"CLT",2018,11,1117,-4,1231,-9,0,"","PSA Airlines Inc. "
"CLT",2018,2,710,-6,820,-2,0,"","PSA Airlines Inc. "
"CLT",2018,6,1943,-10,2052,-30,0,"","PSA Airlines Inc. "
"CLT",2018,3,1425,-5,1537,-7,0,"","PSA Airlines Inc. "
"CLT",2018,9,905,-4,1019,-9,0,"","PSA Airlines Inc. "
"CLT",2018,5,1945,-12,2053,-18,0,"","PSA Airlines Inc. "
"CLT",2018,10,708,6,825,-5,0,"","PSA Airlines Inc. "
"CLT",2018,9,905,-11,1019,-21,0,"","PSA Airlines Inc. "
"CLT",2018,9,1748,68,1909,59,0,"","PSA Airlines Inc. "
"CLT",2018,8,1744,-8,1900,-23,0,"","PSA Airlines Inc. "
"CLT",2018,5,1119,10,1229,4,0,"","PSA Airlines Inc. "
"CLT",2018,7,1744,43,1900,24,0,"","PSA Airlines Inc. "
"CLT",2018,5,1119,5,1229,-9,0,"","PSA Airlines Inc. "
"CLT",2018,4,1945,11,2056,-7,0,"","PSA Airlines Inc. "
"CLT",2018,9,710,-1,825,34,0,"","PSA Airlines Inc. "
"CLT",2018,4,700,-4,808,-3,0,"","PSA Airlines Inc. "
"CLT",2018,12,703,-18,815,-3,0,"","PSA Airlines Inc. "
"CLT",2018,7,1408,119,1520,109,0,"","PSA Airlines Inc. "
"CLT",2018,4,1113,-18,1227,-30,0,"","PSA Airlines Inc. "
"CLT",2018,10,1117,-15,1231,-18,0,"","PSA Airlines Inc. "
"CLT",2018,4,1745,-1,1900,-11,0,"","PSA Airlines Inc. "
"CLT",2018,6,543,NA,645,NA,1,"Airline","PSA Airlines Inc. "
"CLT",2018,8,1120,-8,1229,-6,0,"","PSA Airlines Inc. "
"CLT",2018,6,1755,NA,1905,NA,1,"Airline","PSA Airlines Inc. "
"CLT",2018,9,721,-5,836,0,0,"","PSA Airlines Inc. "
"CLT",2018,3,700,-3,808,14,0,"","PSA Airlines Inc. "
"CLT",2018,4,600,-4,658,14,0,"","PSA Airlines Inc. "
"CLT",2018,9,534,-7,639,1,0,"","PSA Airlines Inc. "
"CLT",2018,9,905,-7,1019,-26,0,"","PSA Airlines Inc. "
"CLT",2018,3,700,-3,808,-9,0,"","PSA Airlines Inc. "
"CLT",2018,10,1117,-3,1231,-13,0,"","PSA Airlines Inc. "
"CLT",2018,3,1433,-5,1545,-16,0,"","PSA Airlines Inc. "
"CLT",2018,3,908,-13,1019,-32,0,"","PSA Airlines Inc. "
"CLT",2018,11,703,-5,815,27,0,"","PSA Airlines Inc. "
"CLT",2018,8,534,-10,639,-21,0,"","PSA Airlines Inc. "
"CLT",2018,9,1748,0,1909,-3,0,"","PSA Airlines Inc. "
"CLT",2018,5,1119,2,1229,-14,0,"","PSA Airlines Inc. "
"CLT",2018,8,1408,61,1520,45,0,"","PSA Airlines Inc. "
"CLT",2018,7,1120,-5,1229,7,0,"","PSA Airlines Inc. "
"CLT",2018,8,1734,8,1855,2,0,"","PSA Airlines Inc. "
"CLT",2018,9,534,-2,639,15,0,"","PSA Airlines Inc. "
"CLT",2018,5,1945,-10,2053,-17,0,"","PSA Airlines Inc. "
"CLT",2018,1,1115,29,1223,7,0,"","PSA Airlines Inc. "
"CLT",2018,11,703,-3,815,-10,0,"","PSA Airlines Inc. "
"CLT",2018,1,725,-7,835,-9,0,"","PSA Airlines Inc. "
"CLT",2018,10,534,-6,639,-12,0,"","PSA Airlines Inc. "
"CLT",2018,12,1119,6,1231,2,0,"","PSA Airlines Inc. "
"CLT",2018,8,1116,12,1226,0,0,"","PSA Airlines Inc. "
"CLT",2018,4,600,-4,658,9,0,"","PSA Airlines Inc. "
"CLT",2018,5,1945,35,2053,26,0,"","PSA Airlines Inc. "
"CLT",2018,9,710,-10,825,-12,0,"","PSA Airlines Inc. "
"CLT",2018,6,1408,-1,1520,-8,0,"","PSA Airlines Inc. "
"CLT",2018,9,1748,1,1909,35,0,"","PSA Airlines Inc. "
"CLT",2018,2,725,-8,835,-2,0,"","PSA Airlines Inc. "
"CLT",2018,10,708,-8,825,-21,0,"","PSA Airlines Inc. "
"CLT",2018,8,1744,116,1900,133,0,"","PSA Airlines Inc. "
"CLT",2018,4,1113,NA,1227,NA,1,"Weather","PSA Airlines Inc. "
"CLT",2018,2,725,-3,835,15,0,"","PSA Airlines Inc. "
"CLT",2018,5,1750,-2,1904,-18,0,"","PSA Airlines Inc. "
"CLT",2018,2,1115,0,1223,-2,0,"","PSA Airlines Inc. "
